"model","ntrain","ntest","datatime","traintime","predicttime","auctime","auc"
h2o,8192,1048576,15.57,7.65000000000001,54.41,45.46,0.617605018013206
h2o,65536,1048576,12.5,33.93,73.77,67.6,0.645662060875539
h2o,524288,1048576,16.82,337.15,96.1,95.35,0.660950617435701
h2o,4194304,1048576,55.27,2938.47,116.59,111.8,0.666359760809636
