model,ntrain,ntest,datatime,traintime,predicttime,auctime,auc,mincount,maxdepth,ntrees
h2o,32768,131072,4.48,5.67,5.07,4.03,0.644367080271334,255,1024,127
h2o,131072,131072,5.71,11.22,5.21,4.16,0.656097877917196,255,1024,127
h2o,524288,131072,11.53,48.47,6.05,4.84999999999999,0.665612103343364,255,1024,127
h2o,2097152,131072,37.03,206.05,7.15999999999997,6.15000000000003,0.669489002422088,255,1024,127
h2o,8388608,131072,136.77,1107.39,8.06999999999994,7.41999999999985,0.672704946864747,255,1024,127
