model,ntrain,ntest,datatime,traintime,predicttime,auctime,auc
randomForest,32768,131072,4.20999999999913,582.77,7.72999999999956,0.0299999999988358,0.604559594901744
randomForest,131072,131072,11.6599999999999,3359.09,9.31999999999971,0.0499999999992724,0.620995629643662
randomForest,524288,131072,15.7599999999984,20580.5,10.3899999999994,0.0299999999988358,0.629548722399462
