model,ntrain,ntest,datatime,traintime,predicttime,auctime,auc,mincount,maxdepth,ntrees
randomForest,32768,131072,3.42000000000007,522.91,6.64999999999964,0.0500000000010914,0.591462400087539,255,1024,127
randomForest,131072,131072,8.53000000000065,3101.47,8.33000000000175,0.069999999999709,0.611295545314186,255,1024,127
randomForest,524288,131072,14.8600000000006,18766.47,8.86000000000058,0.0500000000029104,0.620854546070436,255,1024,127
