model,ntrain,ntest,datatime,traintime,predicttime,auctime,auc,mincount,maxdepth,ntrees
randomForestSRC,32768,131072,0.139999999999418,1898.12,3.29999999999563,0.0799999999944703,0.650050792735357,255,1024,127
randomForestSRC,131072,131072,0.220000000001164,36012.74,4.55999999999767,0.0800000000017462,0.658345278575969,255,1024,127
