"model","ntrain","ntest","datatime","traintime","predicttime","auctime","auc"
randomForest,8192,1048576,22.2199999999993,467.700000000001,215.59,0.319999999999709,0.629154775483423
randomForest,65536,1048576,24.2700000000004,7088.02,334.07,0.329999999998108,0.643849784815355
