auc,auctime,datatime,model,ntest,ntrain,predicttime,traintime
0.6482482611384351,0.030035847260766246,0.9962566415893865,scikit-learn,100000,10000,2.0870574249049123,2.5898989493798754
0.6612070970856067,0.022664002129687333,1.7919119389976625,scikit-learn,100000,100000,2.7732947024093875,63.06546227650163
0.6695385169334269,0.024276217184024063,11.328510788822072,scikit-learn,100000,1000000,4.7560333164369695,1228.0245307582625
0.6727292546955892,0.029828348873707,92.44602051644847,scikit-learn,100000,10000000,8.216649830974347,20863.88098235352
