auc,auctime,datatime,model,ntest,ntrain,predicttime,traintime
0.6511662018474503,0.2828887005559082,11.301897608770807,scikit-learn,1048576,8192,20.24907446170722,1.954361991227442
0.6557430757315713,0.2882927793426262,11.85089716678798,scikit-learn,1048576,65536,32.57243412924278,33.631493901949824
0.6642256201839011,0.2888233775364597,16.597306968012404,scikit-learn,1048576,524288,51.000931373049525,502.4396354298101
0.6672089131852847,0.3218163743695186,53.04432154177607,scikit-learn,1048576,4194304,89.01578593444356,6672.537492323648
