auc,auctime,datatime,model,ntest,ntrain,predicttime,traintime
0.6447144277989393,0.03541585375192824,2.1138517024713823,scikit-learn,131072,8192,0.9139126027007611,0.31194118569464546
0.6491715536490319,0.03512265743803411,2.2830617134480105,scikit-learn,131072,65536,1.124150770004995,5.205083163456945
0.6604810201261198,0.03252473388057808,7.865065148658555,scikit-learn,131072,524288,1.4413410449312352,96.84397142429955
0.6665144605248743,0.03641250241594207,49.65536450792979,scikit-learn,131072,4194304,2.181721543729509,1385.4760895488641
