auc	auctime	datatime	model	ntest	ntrain	predicttime	traintime
0.6131459476369292,0.282434113,2.242764724,taiga-mvp,131072,8192,2.515911734,1.692668998
0.6197557946482631,0.104198469,2.025833002,taiga-pfp,131072,8192,2.767364041,0.798971625
0.6414977705266277,0.047384026,1.654479449,taiga-mvp,131072,65536,5.530329408,8.406190672
0.6467329860254111,0.071081144,5.805619231,taiga-pfp,131072,65536,5.227495542,7.015527006
