model,ntrain,ntest,datatime,traintime,predicttime,auctime,auc
taiga-mvp,8192,1048576,9.888942337,5.644389234,120.060577285,1.228016924,0.6173932147044902
taiga-pfp,8192,1048576,8.76634654,4.386952295,161.304315945,1.271815242,0.6196437792942358
