model,ntrain,ntest,datatime,traintime,predicttime,auctime,auc
taiga,10000,100000,2.736118481,4.692010288,16.537291558,0.284687161,0.6249357654100373
taiga,10000,100000,1.355466381,2.637432723,16.378927929,0.102831351,0.6237341892725056
taiga,100000,100000,1.952612311,37.561656035,13.467024701,0.054358398,0.6501451469190641
taiga,1000000,100000,10.519025859,541.377010848,16.466472224,0.081731784,0.6637992816012608
taiga,10000000,100000,60.935959921,9223.784296414,20.191899246,0.050519494,0.668416537945746
