model,ntrain,ntest,datatime,traintime,predicttime,auctime,auc,mincount,maxdepth,ntrees
xgboost.exact,32768,131072,1.10999999999876,3.47000000000116,0.409999999999854,0.219999999999345,0.638251419640784,255,1024,127
xgboost.exact,131072,131072,1.92000000000007,12.4099999999999,0.540000000000873,0.200000000000728,0.64952366614034,255,1024,127
xgboost.exact,524288,131072,4.17000000000007,67.0799999999999,0.8700000000008,0.209999999999127,0.656840420339445,255,1024,127
xgboost.exact,2097152,131072,16.0400000000009,587.719999999999,1.60000000000036,0.199999999998909,0.658817119550263,255,1024,127
xgboost.exact,8388608,131072,68.3000000000011,3820.47,2.79999999999927,0.200000000000728,0.66314343735183,255,1024,127
