"model","ntrain","ntest","datatime","traintime","predicttime","auctime","auc"
xgboost,8192,1048576,3.78999999999996,11.9300000000003,15.4200000000001,2.19999999999982,0.636240639544184
xgboost,65536,1048576,3.8100000000004,27.4799999999996,44.8100000000004,0.550000000000182,0.650367292964093
xgboost,524288,1048576,5.50999999999931,208.660000000001,75.0799999999999,0.420000000000073,0.661071053078947
xgboost,4194304,1048576,23.0699999999997,6327.5,91.9000000000015,0.3700000000008,0.663785908218716
