"model","ntrain","ntest","datatime","traintime","predicttime","auctime","auc"
xgboost,10000,100000,1.02000000000044,13.6499999999996,1.48999999999978,0.329999999999927,0.639852767593809
xgboost,100000,100000,1.3799999999992,33.7800000000007,4.28999999999905,0.170000000000073,0.656475623806394
xgboost,1000000,100000,5.3799999999992,385,6.32999999999993,0.0300000000006548,0.663419155799503
xgboost,10000000,100000,48.7299999999996,17757.61,7.95000000000073,0.0499999999992724,0.664822629220339
