model,ntrain,ntest,datatime,traintime,predicttime,auctime,auc,mincount,maxdepth,ntrees
xgboost,32768,131072,1.17000000000007,3.51999999999998,0.3900000000001,0.559999999999945,0.638251419640784,255,1024,127
xgboost,131072,131072,2.05999999999995,14.72,0.630000000000109,0.259999999999991,0.64952366614034,255,1024,127
xgboost,524288,131072,4.52000000000021,68.3899999999999,0.8900000000001,0.0799999999999272,0.656840420339445,255,1024,127
xgboost,2097152,131072,16.8900000000001,602.01,1.61000000000013,0.0799999999999272,0.658817119550263,255,1024,127
xgboost,8388608,131072,70.2200000000003,5826.19,2.70000000000073,0.0599999999994907,0.66328085024371,255,1024,127
