"model","ntrain","ntest","datatime","traintime","predicttime","auctime","auc"
h2o,10000,100000,3.76,11.38,21.17,18.89,0.620566762785854
h2o,100000,100000,3.23,55.56,33.83,32.09,0.650670486458309
h2o,1000000,100000,4.83000000000001,708.84,49.8299999999999,48.3799999999999,0.666903350060248
h2o,10000000,100000,13.55,7077.61,62.2000000000007,61.6800000000003,0.672701734795709
