"model","ntrain","ntest","datatime","traintime","predicttime","auctime","auc"
randomForest,10000,100000,1.88,718.53,20.1999999999999,0.0299999999999727,0.629956540209789
randomForest,100000,100000,2.93000000000006,13606.02,33.2299999999996,0.170000000000073,0.64768332430056
