model,ntrain,ntest,datatime,traintime,predicttime,auctime,auc
taiga,10000,100000,2.77280823,4.564356955,16.558206397,0.247543023,0.6267301712250218
taiga,10000,100000,1.369279663,2.556350581,16.433720858,0.104609089,0.6253414314339195
taiga,100000,100000,1.957430739,36.699308947,13.340492089,0.048219853,0.6524615606998114
taiga,1000000,100000,10.607642067,536.975021789,16.49724235,0.082091686,0.6672300904077247
taiga,10000000,100000,60.581616154,9172.20011633,19.067849785,0.0510756,0.6719060529675693
