model,ntrain,ntest,datatime,traintime,predicttime,rmsetime,rmse
randomForest,32768,131072,4.46,884.62,10.61,0,214.685535033722
randomForest,131072,131072,12.61,5092.56,9.88000000000011,0,212.923313100327
