datatime,model,ntest,ntrain,predicttime,rmse,rmsetime,traintime
1.5328879472246635,scikit-learn,131072,32768,0.9481841156156214,212.7888367399909,0.011420434032650917,28.102321502157036
3.007319697030475,scikit-learn,131072,131072,1.0418679960177712,212.19858539397413,0.007425451919829129,217.85330411094782
7.779960542486094,scikit-learn,131072,524288,1.2649247499261946,212.01164294133739,0.007322979078708158,1494.4479798992775
26.477739325137918,scikit-learn,131072,2097152,1.5986452434008243,212.2004374553251,0.00750823247108201,8938.291871825075
96.54644390067733,scikit-learn,131072,8388608,2.5022988924902165,212.52637887805415,0.012383168199448846,45234.01164543667
