model,ntrain,ntest,datatime,traintime,predicttime,auctime,auc
randomForestSRC,32768,131072,0.0900000000037835,1644.74,2.81999999999971,0.0800000000017462,0.648709497464408
randomForestSRC,131072,131072,0.150000000001455,32925.17,3.88999999999942,0.0400000000081491,0.657533521858003
