auc,auctime,datatime,model,ntest,ntrain,predicttime,traintime
0.6451939221837516,0.03509603637968173,2.1367425306051,scikit-learn,131072,32768,1.1526724989880348,1.9448885744605584
0.6501572878185784,0.03340869888665665,3.0561700684489406,scikit-learn,131072,131072,1.074213675930551,11.004894992688325
0.6564986456037529,0.035209449381696345,7.739130038399967,scikit-learn,131072,524288,1.344920300927356,82.38365612886051
0.6626343318477375,0.033890065969217176,26.143412382074175,scikit-learn,131072,2097152,1.5787326917536575,520.4946619307925
0.6666038812085137,0.03712069550283559,94.25545567593781,scikit-learn,131072,8388608,2.115356703948237,3026.983701712865
