model,ntrain,ntest,datatime,traintime,predicttime,auctime,auc
h2o,32768,131072,4.08,5.58,5.28,2.68000000000001,0.642536458276579
h2o,131072,131072,3.69,10.67,3.79999999999998,3.13999999999999,0.655958230629804
h2o,524288,131072,7.81999999999999,42.43,4.72,3.72,0.665784256750048
h2o,2097152,131072,24.06,187.89,5.88999999999999,4.81,0.668986347818928
h2o,8388608,131072,86.6,1121.75,6.92999999999984,6.04999999999995,0.670764352071319
