model,ntrain,ntest,datatime,traintime,predicttime,auctime,auc
xgboost,32768,131072,0.570000000000618,3.21000000000004,0.329999999999927,0.119999999999891,0.6458279555826
xgboost,131072,131072,1.01999999999953,10.6500000000005,0.519999999999527,0.139999999999418,0.651215722669243
xgboost,524288,131072,2.07000000000062,66.5199999999995,0.880000000000109,0.140000000000327,0.660128498127229
xgboost,2097152,131072,8.09000000000015,711.02,2.46999999999935,0.159999999999854,0.663646843961554
xgboost,8388608,131072,38.3400000000001,4821.84,3.47999999999956,0.139999999999418,0.658149557770613
