model,ntrain,ntest,datatime,traintime,predicttime,auctime,auc
xgboost,32768,131072,0.610000000000127,3.24000000000001,0.339999999999918,0.350000000000136,0.6458279555826
xgboost,131072,131072,1.11000000000013,10.75,0.529999999999973,0.190000000000055,0.651215722669243
xgboost,524288,131072,2.15000000000009,66.4400000000001,0.919999999999845,0.0700000000001637,0.660128498127229
xgboost,2097152,131072,9.5,714.33,2.00999999999976,0.0500000000001819,0.663646843961554
xgboost,8388608,131072,39.8899999999999,5442.86,3.61000000000058,0.0399999999999636,0.659757132172299
