model,ntrain,ntest,datatime,traintime,predicttime,mincount,maxdepth,ntrees
quantregForest,32768,131072,3.49000000000069,6048.71,40.7099999999991,255,1024,127
quantregForest,131072,131072,9.5099999999984,92333.08,46.3899999999994,255,1024,127
