model,ntrain,ntest,datatime,traintime,predicttime,mincount,maxdepth,ntrees
quantregForest,32768,131072,3.72999999999956,5990.45,39.7700000000004,255,1024,127
quantregForest,131072,131072,9.36000000000058,92059.96,47.429999999993,255,1024,127
