model,ntrain,ntest,datatime,traintime,predicttime,decilecost
taiga,32768,131072,3.542880857,5.256288129,13.919511077,74.16430712503174
taiga,131072,131072,2.679035486,18.840768932,12.454220001,73.89433660120352
taiga,524288,131072,6.021321272,90.930077081,14.189626835,73.6043134366405
taiga,2097152,131072,19.621408575,502.190317888,14.424738466,73.38005954500328
taiga,8388608,131072,59.093438058,2802.036692922,16.231571032,73.221866288092
taiga,33554432,131072,222.78711038,17232.067943481,16.980769027,73.04895392422954
randomForestSRC,32768,131072,0.159999999999997,2952.22,6093.84,72.22052794495092
quantregForest,32768,131072,4.75,4952.2,34.6099999999997,73.83328274822719
quantregForest,131072,131072,13.5900000000001,69161.57,40.1499999999942,73.47668311709364
