model,ntrain,ntest,datatime,traintime,predicttime,decilecost
taiga,32768,131072,1.212151237,7.222824822,11.483566784,73.93581455136504
taiga,131072,131072,1.867435153,34.993631368,12.107577156,73.67810375644123
taiga,524288,131072,4.556964689,187.915673604,12.33763853,73.41255696110007
taiga,2097152,131072,15.888538723,1066.749800342,14.437219157,73.23575049438998
taiga,8388608,131072,52.337964182,6274.857939457,14.646803467,73.11929374102745
taiga,33554432,131072,176.111982029,40305.821649849,16.085221301,73.12545202985093
randomForestSRC,32768,131072,0.159999999999997,2952.22,6093.84,72.22052794495092
quantregForest,32768,131072,4.75,4952.2,34.6099999999997,73.83328274822719
quantregForest,131072,131072,13.5900000000001,69161.57,40.1499999999942,73.47668311709364
