model,ntrain,ntest,datatime,traintime,predicttime,qcosttime,qcost
taiga,8192,131072,2.17390881,3.201170962,9.238913423,0.110461346,72.66940455293651
taiga,65536,131072,1.793176622,18.929245239,10.110989027,0.036801972,72.18973353552322
taiga,524288,131072,4.754704452,207.062855966,11.145173383,0.022731466,71.6952801036653
