datatime,model,ntest,ntrain,predictfile,predicttime,qcost,qcosttime,traintime
3.542880857,taiga,131072,32768,output\qcost\ontime\taiga-32768.pred.csv.gz,13.919511077,72.68526019074451,0.121245748,5.256288129
2.679035486,taiga,131072,131072,output\qcost\ontime\taiga-131072.pred.csv.gz,12.454220001,72.41012401849828,0.030801648,18.840768932
6.021321272,taiga,131072,524288,output\qcost\ontime\taiga-524288.pred.csv.gz,14.189626835,72.10970170661888,0.026119989,90.930077081
19.621408575,taiga,131072,2097152,output\qcost\ontime\taiga-2097152.pred.csv.gz,14.424738466,71.89287885870992,0.036020102,502.190317888
59.093438058,taiga,131072,8388608,output\qcost\ontime\taiga-8388608.pred.csv.gz,16.231571032,71.64908026807866,0.024872811,2802.036692922
222.78711038,taiga,131072,33554432,output\qcost\ontime\taiga-33554432.pred.csv.gz,16.980769027,71.50932235986905,0.024865883,17232.067943481
