model,ntrain,ntest,datatime,traintime,predicttime,qcosttime,qcost
taiga,8192,131072,2.171726613,3.31042962,9.162130268,0.155098662,72.66940455293651
taiga,65536,131072,1.562667795,18.58750743,10.076275532,0.037458747,72.18973353552322
taiga,524288,131072,4.568737031,206.114076341,11.052560545,0.022564811,71.6952801036653
taiga,4194304,131072,23.263473355,2763.499175112,12.136441676,0.036452617,71.50973584412229
taiga,33554432,131072,175.848220583,43431.321739559,16.575898825,0.041798708,72.10352756695333
