datatime,maxdepth,mincount,model,nterms,ntest,ntrain,predictfile,predicttime,qcost,qcosttime,traintime
2.556922022,1024,255,taiga,127,131072,32768,output\qcost\ontime\taiga-32768.pred.csv.gz,17.107965896,26.790002575626424,0.104023791,4.58020232
3.381822193,1024,255,taiga,127,131072,131072,output\qcost\ontime\taiga-131072.pred.csv.gz,17.066044658,26.50943642066202,0.060069506,20.780515208
8.177931508,1024,255,taiga,127,131072,524288,output\qcost\ontime\taiga-524288.pred.csv.gz,18.408186887,26.28163556363007,0.049605607,113.795270569
27.537914587,1024,255,taiga,127,131072,2097152,output\qcost\ontime\taiga-2097152.pred.csv.gz,20.221511639,26.118979753430214,0.04800178,628.523126406
79.314200694,1024,255,taiga,127,131072,8388608,output\qcost\ontime\taiga-8388608.pred.csv.gz,21.013278438,25.99172425312103,0.0483515,3546.534883433
313.176516215,1024,255,taiga,127,131072,33554432,output\qcost\ontime\taiga-33554432.pred.csv.gz,22.027319405,25.956406576503078,0.048053927,21855.508969838
