datatime,model,ntest,ntrain,predictfile,predicttime,qcost,qcosttime,traintime
1.212151237,taiga,131072,32768,output\qcost\ontime\taiga-32768.pred.csv.gz,11.483566784,72.42065816539369,0.100305596,7.222824822
1.867435153,taiga,131072,131072,output\qcost\ontime\taiga-131072.pred.csv.gz,12.107577156,72.098110807847,0.032644346,34.993631368
4.556964689,taiga,131072,524288,output\qcost\ontime\taiga-524288.pred.csv.gz,12.33763853,71.79880209826959,0.022501359,187.915673604
15.888538723,taiga,131072,2097152,output\qcost\ontime\taiga-2097152.pred.csv.gz,14.437219157,71.68804509971815,0.024751749,1066.749800342
52.337964182,taiga,131072,8388608,output\qcost\ontime\taiga-8388608.pred.csv.gz,14.646803467,71.4720781602134,0.022581951,6274.857939457
176.111982029,taiga,131072,33554432,output\qcost\ontime\taiga-33554432.pred.csv.gz,16.085221301,71.81541471296316,0.022446293,40305.821649849
