datatime,maxdepth,mincount,model,ntest,ntrain,ntrees,predicttime,rmse,rmsetime,traintime
3.668072778,1024,7,taiga,131072,32768,,11.765175638,214.03549642517817,0.031464195,34.573188584
2.224058776,1024,15,taiga,131072,32768,,10.751231952,213.882524228206,0.023600317,20.995208499
1.774895325,1024,31,taiga,131072,32768,,9.882472657,213.49850782945725,0.00670848,16.429213963
1.735196846,1024,63,taiga,131072,32768,,10.003584376,213.27288032627476,0.006968255,13.739838071
1.727430384,1024,127,taiga,131072,32768,,7.792925568,213.07564334731182,0.009943593,11.688497262
1.724883979,1024,255,taiga,131072,32768,,6.034215627,212.96039883878865,0.006524976,9.765571343
1.749725782,1024,511,taiga,131072,32768,,4.714443867,212.96826888165927,0.006740952,8.390386563
1.764670057,1024,1023,taiga,131072,32768,,4.898195125,212.91984552609568,0.007972998,6.707706313
1.734445083,1024,2047,taiga,131072,32768,,3.662666574,212.93810972987092,0.00657104,5.223101231
