datatime,maxdepth,mincount,model,ntest,ntrain,ntrees,predicttime,rmse,rmsetime,traintime
4.852932991,1024,7,taiga,131072,131072,,13.868068322,213.12248601448718,0.031062826,128.990306365
4.238134992,1024,15,taiga,131072,131072,,12.205747989,212.82032042981245,0.03565572,95.561968012
3.224238504,1024,31,taiga,131072,131072,,11.082911103,212.5885778005335,0.006745483,78.669669567
2.775841921,1024,63,taiga,131072,131072,,9.71930069,212.40295215728787,0.009747251,68.043285498
2.761144962,1024,127,taiga,131072,131072,,8.243096783,212.29932445305974,0.008813116,60.80990576
2.84132993,1024,255,taiga,131072,131072,,7.759368443,212.2039925932171,0.006805518,55.114123829
2.758651417,1024,511,taiga,131072,131072,,6.796348717,212.15141032125808,0.003260034,49.835821025
2.80455506,1024,1023,taiga,131072,131072,,5.398788872,212.2206663779277,0.009383263,45.262500666
2.806683862,1024,2047,taiga,131072,131072,,4.653327488,212.27761097663878,0.007260881,39.344412313
