datatime,maxdepth,mincount,model,ntest,ntrain,ntrees,predicttime,rmse,rmsetime,traintime
4.973971838,1024,7,taiga,130697,131072,,13.477671942,212.904392415838,0.023345072,128.93336641
3.26903055,1024,15,taiga,130697,131072,,12.097991307,212.59922970592808,0.044132412,94.36849178
