model,ntrain,ntest,datatime,traintime,predicttime,rmsetime,rmse
h2o,32768,131072,4.39,4.51000000000001,5.11,0,213.072789132781
h2o,131072,131072,4.16,9.8,4.73,0,212.237964400476
h2o,524288,131072,8.07000000000001,43.9,4.59999999999999,0,211.648734114914
h2o,2097152,131072,24.74,204.45,5.63999999999999,0,211.438433464537
h2o,8388608,131072,91.35,1216.91,6.69000000000005,0.00999999999999091,211.418531610567
