model,ntrain,ntest,datatime,traintime,predicttime,rmsetime,rmse,mincount,maxdepth,ntrees
h2o,32768,131072,5.86000000000001,4.52999999999997,4.79999999999995,0,40.4890722300853,255,1024,127
h2o,131072,131072,5.56000000000006,9.76999999999998,4.58000000000004,0.0199999999999818,40.2714563382886,255,1024,127
h2o,524288,131072,11.48,44.75,5.56999999999994,0,40.1271219171269,255,1024,127
h2o,2097152,131072,36.29,202.89,6.59999999999991,0,40.0506353154534,255,1024,127
h2o,8388608,131072,139.61,1116.23,7.60999999999967,0,40.0237723428169,255,1024,127
