model,ntrain,ntest,datatime,traintime,predicttime,rmsetime,rmse,mincount,maxdepth,ntrees
randomForestSRComit,32768,131072,0.199999999999999,2302.16,1.92999999999984,0,40.4857218046508,255,1024,127
randomForestSRComit,131072,131072,0.289999999999964,43805.86,3.45999999999913,0.0100000000020373,40.294505532927,255,1024,127
