model,ntrain,ntest,datatime,traintime,predicttime,rmsetime,rmse,mincount,maxdepth,ntrees
randomForestSRCimpute,32768,131072,0.0900000000037835,2280.83,1.61999999999534,0,40.4857218046508,255,1024,127
randomForestSRCimpute,131072,131072,0.169999999998254,44962.97,2.83000000000175,0,40.294505532927,255,1024,127
