model,ntrain,ntest,datatime,traintime,predicttime,rmsetime,rmse
randomForestSRC,32768,131072,0.100000000000009,2964.15,2.01999999999998,0,212.15078610649
randomForestSRC,131072,131072,0.220000000000255,46676.39,3.22000000000116,0,211.679773023499
