model,ntrain,ntest,datatime,traintime,predicttime,rmsetime,rmse,mincount,maxdepth,ntrees
randomForest,32768,131072,3.44999999999982,434.82,6.67999999999984,0,40.5937146442589,255,1024,127
randomForest,131072,131072,9.94999999999982,3265.3,7.38999999999942,0,40.3425357578296,255,1024,127
