datatime,model,ntest,ntrain,predicttime,rmse,rmsetime,traintime
1.8326910243272714,scikit-learn,131072,32768,1.2844704415084287,40.58128561701448,0.010833676732829645,22.698247750885244
2.9950255088086557,scikit-learn,131072,131072,1.3920293633920267,40.348288403436584,0.010034315638250746,184.65673129870652
7.238485662919061,scikit-learn,131072,524288,1.6296934202225657,40.26363087266529,0.010083911034598714,1299.0190358800812
24.172930395049207,scikit-learn,131072,2097152,1.8868331516059698,40.31475963158188,0.010075158905237913,7513.40885569563
95.2890572863289,scikit-learn,131072,8388608,2.48416302298574,40.49301419933924,0.022188834474945907,38791.67814702847
