datatime,model,ntest,ntrain,predicttime,rmse,rmsetime,traintime
1.555572735660184,scikit-learn,131072,8192,0.8187120513166484,213.23422488276915,0.0060612138473263855,4.5404753135267795
2.083243684792082,scikit-learn,131072,65536,1.0885595090055773,212.31362117474902,0.007154135927848415,102.59595542249079
7.481019185395624,scikit-learn,131072,524288,1.5190417148339748,212.12347613417657,0.008027160773053765,1717.3720974841276
51.86112960808691,scikit-learn,131072,4194304,2.6881423242011806,212.3986436200834,0.009905221741064452,22592.031591173476
