datatime	model	ntest	ntrain	predicttime	rmse	rmsetime	traintime
2.52666956,taiga,131072,8192,2.752172533,213.8575831667018,0.01752942,1.865656646
2.359592516,taiga,131072,65536,4.760976811,212.68986303505363,0.025711566,11.214397252
4.875553481,taiga,131072,524288,4.271715673,211.68353850895866,0.00701155,130.486418519
25.561904536,taiga,131072,4194304,5.198233893,211.39034172602481,0.005986091,1821.227421878
