datatime	model	ntest	ntrain	predicttime	rmse	rmsetime	traintime
2.518464074,taiga,131072,8192,3.429268942,214.34024352950806,0.017553123,1.960202612
1.672327592,taiga,131072,65536,3.863048512,212.8467485252099,0.016991164,12.824121231
5.02096536,taiga,131072,524288,4.824303567,211.7945613915232,0.00640437,141.491231461
24.273911363,taiga,131072,4194304,5.858274956,211.4983674987401,0.00701629,1921.51682305
200.642963836,taiga,131072,33554432,7.398050099,212.70366386056207,0.008434864,33934.993437727
