datatime,maxdepth,mincount,model,nterms,ntest,ntrain,predicttime,rmse,rmsetime,traintime
4.428002436,1024,255,taiga,127,131072,32768,4.012207397,40.48330080179482,0.025812216,8.521548835
3.77657748,1024,255,taiga,127,131072,131072,4.70179054,40.25726451964812,0.021393484,35.583860345
8.611453984,1024,255,taiga,127,131072,524288,4.787955248,40.11410957039896,0.009180618,177.106229692
27.898129597,1024,255,taiga,127,131072,2097152,5.820666329,40.045854654959,0.006911994,1001.825814768
84.999273938,1024,255,taiga,127,131072,8388608,6.904155438,40.02070332316202,0.008452004,5797.610822737
314.60619286,1024,255,taiga,127,131072,33554432,8.223032321,40.08302611907638,0.007276666,41090.005049249
