datatime,maxdepth,mincount,model,nterms,ntest,ntrain,predicttime,rmse,rmsetime,traintime
4.581962957,1024,255,taiga,127,131072,32768,3.871041394,40.48330080179482,0.024648182,6.945319981
3.579677557,1024,255,taiga,127,131072,131072,3.802481229,40.25726451964812,0.021138214,32.938975417
8.324885948,1024,255,taiga,127,131072,524288,4.689214825,40.11410957039896,0.006430261,168.043407642
28.197794828,1024,255,taiga,127,131072,2097152,5.741480715,40.045854654959,0.006960859,983.223532287
87.362284524,1024,255,taiga,127,131072,8388608,6.899960615,40.02070332316202,0.007081566,5761.532515253
324.426442005,1024,255,taiga,127,131072,33554432,8.044089943,40.08302611907638,0.006254855,39933.799804171
