datatime	model	ntest	ntrain	predicttime	rmse	rmsetime	traintime
2.183325371,taiga,131072,8192,3.391206299,214.34024352950806,0.018508564,2.007507503
1.553683005,taiga,131072,65536,3.816345694,212.8467485252099,0.019295527,12.970735069
