model,ntrain,ntest,datatime,traintime,predicttime,rmsetime,rmse
taiga,8192,1048576,11.000137846,3.125308193,39.360418731,0.070269358,214.34783375363403
taiga,65536,1048576,7.931702423,16.632151443,44.840515485,0.063415349,212.64738524625415
