datatime,maxdepth,mincount,model,nterms,ntest,ntrain,predicttime,rmse,rmsetime,traintime
4.632046989,1024,255,taiga,127,131072,32768,6.439306821,40.48330080179482,0.042001015,15.296823484
3.721646285,1024,255,taiga,127,131072,131072,7.801414117,40.25726451964812,0.028229868,68.54410301
8.57354567,1024,255,taiga,127,131072,524288,9.266392694,40.11410957039896,0.006722836,403.73643086
22.572890943,1024,255,taiga,127,131072,2097152,11.340187567,40.045854654959,0.006685078,2248.738936867
84.415935669,1024,255,taiga,127,131072,8388608,13.81353108,40.02070332316202,0.006544617,14684.77723985
