datatime	model	ntest	ntrain	predicttime	rmse	rmsetime	traintime
2.495823046,taiga,131072,32768,4.022108242,213.03409710755977,0.01837473,5.197351751
2.074975111,taiga,131072,131072,4.218916997,212.23826496351435,0.016685569,24.326370529
4.695373771,taiga,131072,524288,4.208385998,211.68353850895866,0.005724622,130.565439302
15.933093622,taiga,131072,2097152,4.798274372,211.50622329237896,0.006356234,771.537867543
50.38397084,taiga,131072,8388608,5.667824986,211.44704975231826,0.006700119,4601.489173617
189.165261342,taiga,131072,33554432,6.526035395,211.9833252883162,0.005873408,31536.332816471
