datatime,maxdepth,mincount,model,nterms,ntest,ntrain,predicttime,rmse,rmsetime,traintime
3.543698243,1024,511,taiga,127,131072,32768,6.619811088,44.800883360213135,0.032474638,10.19489276
3.010218106,1024,511,taiga,127,131072,131072,6.0975353,44.55875555756599,0.030765704,47.398246361
6.987204146,1024,511,taiga,127,131072,524288,7.557081991,44.36696536040623,0.008748182,297.582265534
18.859782906,1024,511,taiga,127,131072,2097152,9.22598696,44.299582205671705,0.008508795,1735.676676348
69.474401119,1024,511,taiga,127,131072,8388608,11.306742545,44.27976923802183,0.006819119,11173.080627964
