datatime,maxdepth,mincount,model,nterms,ntest,ntrain,predicttime,rmse,rmsetime,traintime
0.7743475,1024,255,taiga,127,131072,32768,0.5924866,40.48330080179482,0.0127455,1.9412031
0.9828404,1024,255,taiga,127,131072,131072,0.6917914,40.25726451964812,0.006899,5.8628362
2.3365919,1024,255,taiga,127,131072,524288,0.9472894,40.11410957039896,0.0097401,42.2924914
8.1045906,1024,255,taiga,127,131072,2097152,1.3469487,40.045854654959,0.0083058,265.5678598
31.1933147,1024,255,taiga,127,131072,8388608,1.7977641,40.02070332316202,0.0158327,1775.6592744
