model,ntrain,ntest,datatime,traintime,predicttime,rmsetime,rmse,mincount,maxdepth,ntrees
xgboost,32768,131072,1.07999999999993,0.549999999999727,0.080000000000382,0.00999999999976353,42.5893921964878,255,1024,127
xgboost,131072,131072,2.08000000000038,1.66999999999962,0.080000000000382,0,42.5893934992777,255,1024,127
xgboost,524288,131072,4.41999999999962,4.89000000000033,0.0799999999999272,0,42.5893938213158,255,1024,127
xgboost,2097152,131072,19.1399999999999,26.7800000000002,0.0799999999999272,0,42.5893939530586,255,1024,127
xgboost,8388608,131072,70.04,120.8,0.0799999999999272,0,42.5893939530586,255,1024,127
