model,ntrain,ntest,datatime,traintime,predicttime,rmsetime,rmse
xgboost,32768,131072,0.629999999999882,0.309999999999945,0.0600000000001728,0,217.50166863041
xgboost,131072,131072,1.17000000000007,1.22000000000003,0.0799999999999272,0.00999999999999091,217.501669593331
xgboost,524288,131072,2.82999999999993,3.5300000000002,0.0399999999999636,0,217.501669831356
xgboost,2097152,131072,9.44999999999982,19.6700000000001,0.0599999999999454,0,217.50166992873
xgboost,8388608,131072,42.1099999999999,94.24,0.0799999999999272,0,217.50166992873
