model,ntrain,ntest,datatime,traintime,predicttime,rmsetime,rmse,mincount,maxdepth,ntrees
xgboost.exact,32768,131072,0.9699999999998,0.400000000000091,0.0700000000001637,0,42.5893921964878,255,1024,127
xgboost.exact,131072,131072,1.75,1.41999999999962,0.0600000000004002,0.0199999999999818,42.5893934992777,255,1024,127
xgboost.exact,524288,131072,3.91000000000031,4.91999999999962,0.0700000000001637,0,42.5893938213158,255,1024,127
xgboost.exact,2097152,131072,14.98,24.79,0.0799999999999272,0,42.5893939530586,255,1024,127
xgboost.exact,8388608,131072,69.2399999999998,111.79,0.0599999999999454,0,42.5893939530586,255,1024,127
