model,ntrain,ntest,datatime,traintime,predicttime
quantregForest,32768,131072,4.75,4952.2,34.6099999999997
quantregForest,131072,131072,13.5900000000001,69161.57,40.1499999999942
