"model","ntrain","ntest","datatime","traintime","predicttime","auctime","auc"
h2o,10000,100000,3.72,9.16,20.28,18.48,0.672894277268862
h2o,100000,100000,3.08,44.17,32.67,31.16,0.718398506217946
h2o,1000000,100000,3.28,547.33,48.4200000000001,47.48,0.750003190995278
h2o,10000000,100000,10.67,5151.78,61.3699999999999,62.3699999999999,0.780216582683942
