"model","ntrain","ntest","datatime","traintime","predicttime","auctime","auc"
h2o,10000,100000,3.81,8.8,21.31,19.94,0.674286835267174
h2o,100000,100000,3.08,43.47,33.83,31.81,0.717672841046489
h2o,1000000,100000,4.47,543.56,48.5,47.08,0.75039895041038
h2o,10000000,100000,13.5699999999999,5079.79,59.9900000000007,60.1999999999998,0.780663119649107
