"model","ntrain","ntest","datatime","traintime","predicttime","auctime","auc"
randomForest,10000,100000,1.86000000000001,917.1,19.78,0.0399999999999636,0.677549585446366
randomForest,100000,100000,1.75,15392.36,34.9199999999983,0.180000000000291,0.708296917176767
