auc,auctime,datatime,model,ntest,ntrain,predicttime,traintime
0.687586472915808,0.02553726238417653,0.9485381933922099,scikit-learn,100000,10000,1.9848362020269263,2.655479618655022
0.7156149361565372,0.020344330751839834,2.106262551560093,scikit-learn,100000,100000,2.7909228722017474,65.79814775713854
0.7287698948304338,0.02155248963504164,10.982774345604923,scikit-learn,100000,1000000,4.5170219849908335,1279.021931748687
0.7408217500764435,0.026416122302180156,92.04535974726764,scikit-learn,100000,10000000,8.926261464835989,21535.386114888508
