"model","ntrain","ntest","datatime","traintime","predicttime","auctime","auc"
xgboost,10000,100000,1.16999999999999,15.5,1.39000000000001,0.259999999999991,0.702406441229561
