"model","ntrain","ntest","datatime","traintime","predicttime","auctime","auc"
xgboost,10000,100000,0.950000000000728,14.0799999999999,1.29999999999927,0.369999999999891,0.701161000999407
xgboost,100000,100000,1.05999999999949,30.75,2.80000000000018,0.279999999999745,0.726705741392892
xgboost,1000000,100000,4.80000000000018,292.97,5.52999999999975,0.0299999999997453,0.747611414176795
xgboost,10000000,100000,44.2200000000003,18194.5,6.96999999999753,0.0499999999992724,0.7520936427115
