"model","ntrain","ntest","datatime","traintime","predicttime","auctime","auc"
xgboost,10000,100000,1.1899999999996,12.29,1.22000000000025,0.259999999999309,0.701161000999407
xgboost,100000,100000,1.38999999999942,32.5200000000004,3.02999999999975,0.220000000000255,0.726705741392892
xgboost,1000000,100000,5.57999999999993,293.33,5.51000000000022,0.0299999999997453,0.747611414176795
xgboost,10000000,100000,44.4899999999998,19001.01,6.94000000000233,0.0499999999992724,0.7520936427115
