datatime,maxdepth,mincount,model,ntest,ntrain,ntrees,predicttime,rmse,rmsetime,traintime
4.975622621,1024,7,taiga,130697,131072,,13.585751833,212.904392415838,0.025350027,129.960344188
3.258637635,1024,15,taiga,130697,131072,,12.144031258,212.59922970592808,0.036848498,93.618392192
3.083293593,1024,31,taiga,130697,131072,,10.882941612,212.37166937055414,0.006701684,77.384219535
2.714290946,1024,63,taiga,130697,131072,,9.647779692,212.18929831989163,0.010132006,67.639614883
2.738811806,1024,127,taiga,130697,131072,,8.249519434,212.08583064342983,0.010471451,61.438992177
2.750518702,1024,255,taiga,130697,131072,,7.662905583,211.99278544937752,0.006740197,54.196800077
2.706959081,1024,511,taiga,130697,131072,,6.824137539,211.94279709034757,0.003178854,49.180578824
2.709469616,1024,1023,taiga,130697,131072,,5.347563603,212.01315730320988,0.006735666,44.676436572
2.736066793,1024,2047,taiga,130697,131072,,4.600181843,212.07232242220465,0.006311642,38.703899165
