model,ntrain,ntest,datatime,traintime,predicttime,rmsetime,rmse
xgboost,32768,131072,0.639999999999873,0.329999999999927,0.0500000000001819,0,217.50166863041
xgboost,131072,131072,1.11000000000013,1.09999999999991,0.0599999999999454,0,217.501669593331
xgboost,524288,131072,2.32999999999993,3.95000000000005,0.0499999999999545,0,217.501669831356
xgboost,2097152,131072,8.78999999999996,20.3200000000002,0.0799999999999272,0,217.50166992873
xgboost,8388608,131072,39.4400000000001,89.5,0.0799999999999272,0,217.50166992873
